Comment,Designator,Footprint,LCSC
0.01R,R126,R_1206_3216Metric_Pad1.30x1.75mm_HandSolder,C105362
MCP4728,U7,MSOP-10_3x3mm_P0.5mm,C108207
SMAJ13A,"D11,D15,D7,D9",D_SMA,C110519
220uF,"C11,C14,C17,C19,C46",CP_EIA-7343-43_Kemet-X_Pad2.25x2.55mm_HandSolder,C122311
USB_C_Receptacle,J20,1054500101,C134092
HT7533-1,U16,SOT-89-3,C14289
433TX,J9,PinSocket_1x03_P2.54mm_Vertical,C146243
100nF,"C10,C12,C13,C15,C16,C18,C20,C28,C3,C30,C31,C34,C4,C49,C51,C59,C6,C61,C7,C8",C_0603_1608Metric_Pad1.08x0.95mm_HandSolder,C14663
MCP4651,U10,TSSOP-14_4.4x5mm_P0.65mm,C148010
AO3401A,"Q1,Q14,Q15,Q16,Q18",SOT-23_Handsoldering,C15127
1uF,"C1,C2,C21,C26,C32,C36,C37,C39,C41,C42,C43,C44,C45,C48,C5,C52",C_0603_1608Metric_Pad1.08x0.95mm_HandSolder,C15849
USBLC6-2P6,"U19,U20,U21,U22,U23,U24,U25",SOT-666,C15999
3.3nF,"C29,C33,C35,C60",C_0603_1608Metric_Pad1.08x0.95mm_HandSolder,C1613
0.47uF,C47,C_0603_1608Metric_Pad1.08x0.95mm_HandSolder,C1623
1.5uH,"L1,L2",FXL0630,C167217
1SMA4734A,D5,D_SMA,C19077477
4.7uF,C69,C_0603_1608Metric_Pad1.08x0.95mm_HandSolder,C19666
10uF,"C25,C40,C56,C66,C67,C68,C70,C9",C_0603_1608Metric_Pad1.08x0.95mm_HandSolder,C19702
AT24C04CDRG,U5,SOP-8_3.76x4.96mm_P1.27mm,C19723707
AO3400A,"Q10,Q11,Q13,Q17,Q19,Q2,Q4,Q5,Q7,Q8",SOT-23_Handsoldering,C20917
1k,"R102,R115,R130,R131",R_0603_1608Metric_Pad0.98x0.95mm_HandSolder,C21190
BZX584C3V6,"D1,D18,D20,D21,D22,D23,D24,D25,D26,D27,D28,D6",D_SOD-523,C22395574
100R,"R110,R121,R124,R127,R134,R135,R14,R16,R19,R20,R21,R22,R27,R28,R29,R30,R31,R32,R35,R5,R6,R7,R8,R88,R9",R_0603_1608Metric_Pad0.98x0.95mm_HandSolder,C22775
150k,"R148,R149,R41,R44,R52,R55,R66,R69,R79,R82,R91,R92,R97,R99",R_0603_1608Metric_Pad0.98x0.95mm_HandSolder,C22807
1.5k,R78,R_0603_1608Metric_Pad0.98x0.95mm_HandSolder,C22843
330K,"R141,R153,R86,R95",R_0603_1608Metric_Pad0.98x0.95mm_HandSolder,C23137
4k7,"R100,R106,R107,R113,R133,R154,R93,R94",R_0603_1608Metric_Pad0.98x0.95mm_HandSolder,C23162
5.1k,"R139,R140",R_0603_1608Metric_Pad0.98x0.95mm_HandSolder,C23186
56k,"R145,R87,R89",R_0603_1608Metric_Pad0.98x0.95mm_HandSolder,C23206
BAV23CL,"D10,D12,D16,D8",SOT-23-3,C232533
IRF9Z24NPBF,"Q12,Q3,Q6,Q9",TO-220-3_Vertical,C2576
100k,"R104,R108,R111,R112,R116,R118,R119,R12,R122,R13,R142,R144,R147,R150,R37,R39,R40,R42,R45,R47,R48,R50,R51,R53,R56,R58,R59,R60,R62,R64,R65,R67,R70,R72,R73,R75,R76,R80,R83,R85,R96,R98",R_0603_1608Metric_Pad0.98x0.95mm_HandSolder,C25803
10k,"R1,R101,R103,R105,R109,R11,R114,R117,R125,R128,R129,R132,R136,R137,R146,R15,R151,R152,R155,R17,R18,R2,R23,R24,R25,R26,R3,R33,R34,R38,R4,R43,R46,R49,R54,R57,R63,R68,R71,R74,R77,R81,R84",R_0603_1608Metric_Pad0.98x0.95mm_HandSolder,C25804
500mA,F1,Fuse_0805_2012Metric_Pad1.15x1.40mm_HandSolder,C269104
Conn_01x02,J13,Molex_KK-254_AE-6410-02A_1x02_P2.54mm_Vertical,C27543
BQ25601,U2,Texas_S-PWQFN-N24_EP2.7x2.7mm_ThermalVias,C2859691
0.5R,"R36,R61",R_2512_6332Metric_Pad1.40x3.35mm_HandSolder,C2904268
9v,"D13,D14,D3,D4",LED_0603_1608Metric_Pad1.05x0.95mm_HandSolder,C2986059
LCD,J6,Molex_KK-254_AE-6410-10A_1x10_P2.54mm_Vertical,C30169
SW_SPDT,SW1,SS-12D06L5,C319015
TRG1,"J1,J11,J12,J14,J15,J18,J2,J4",PJ-3062-CO,C319113
MAX3232EEAE+T,U4,SOP65P777X199-16N,C33379
SN74LVC1G3157DCKR,"U12,U18,U26,U27",SOT-363_SC-70-6_Handsoldering,C38663
2k2,"R10,R120,R123,R138,R143,R90",R_0603_1608Metric_Pad0.98x0.95mm_HandSolder,C4190
22uF,"C22,C23,C24,C38,C53,C54,C55,C64,C65",C_0805_2012Metric_Pad1.18x1.45mm_HandSolder,C45783
BQ27441-G1,U13,Texas_S-PDSO-N12,C473397
Conn_02x04_Odd_Even,"J3,J5",PinSocket_2x04_P2.54mm_Vertical,C492421
47nF,C50,C_0603_1608Metric_Pad1.08x0.95mm_HandSolder,C1622
10nF,"C27,C57,C58,C62",C_0603_1608Metric_Pad1.08x0.95mm_HandSolder,C57112
FTC201610S1R0MBCA,L3,FTC201610S,C5832342
26650 Cell,BT1,BH-26650-A5BJ001,C6937119
LM324,"U11,U6",SOIC-14_3.9x8.7mm_P1.27mm,C71035
ACC Port,J7,DSUB-9_Female_Horizontal_P2.77x2.84mm_EdgePinOffset7.70mm_Housed_MountingHolesOffset9.12mm,C75749
TCA9534,"U1,U28",TSSOP-16_4.4x5mm_P0.65mm,C783615
HY2111-GB,U14,SOT-23-6_Handsoldering,C82747
SS34,D17,D_SMA,C8678
TPS61088,"U17,U8",IC_TPS61088RHLR,C87357
FS8205A,U15,SOT-23-6_Handsoldering,C908265
FrontPanel,J8,IDC-Header_2x04_P2.54mm_Vertical,C9135
